param,chunking,value,P@5,P@10,R@10,MRR@10,nDCG@10
title_weight,whole,0.0,0.160445,0.088504,0.79829,0.630914,0.665979
title_weight,whole,0.05,0.16267,0.089864,0.809724,0.640571,0.676545
title_weight,whole,0.1,0.163412,0.090606,0.812608,0.647623,0.683062
title_weight,whole,0.15,0.163659,0.090482,0.813123,0.645421,0.681516
title_weight,whole,0.2,0.162423,0.091224,0.818686,0.643897,0.681142
title_weight,whole,0.25,0.162176,0.090358,0.809003,0.642334,0.677514
title_weight,whole,0.5,0.157231,0.08801,0.786135,0.610569,0.648002
title_weight,whole,1.0,0.144129,0.080841,0.719592,0.555694,0.590087
title_weight,whole,2.0,0.132015,0.075896,0.676226,0.505734,0.541237
title_weight,whole,3.0,0.124598,0.072806,0.64656,0.48408,0.517249
hybrid_alpha,whole,0.0,0.163659,0.089246,0.785558,0.62613,0.6602
hybrid_alpha,whole,0.1,0.168109,0.090606,0.797301,0.650703,0.682585
hybrid_alpha,whole,0.2,0.171817,0.093449,0.825731,0.675706,0.707229
hybrid_alpha,whole,0.3,0.175031,0.095303,0.841183,0.688013,0.720998
hybrid_alpha,whole,0.4,0.177256,0.095921,0.849217,0.697386,0.729957
hybrid_alpha,whole,0.5,0.177256,0.096539,0.857252,0.704014,0.736402
hybrid_alpha,whole,0.6,0.176267,0.09555,0.852987,0.702125,0.733163
hybrid_alpha,whole,0.7,0.173795,0.095056,0.848867,0.696711,0.72846
hybrid_alpha,whole,0.8,0.171817,0.094067,0.841656,0.687039,0.7193
hybrid_alpha,whole,0.9,0.167862,0.092583,0.829913,0.674413,0.707173
hybrid_alpha,whole,1.0,0.163412,0.090853,0.81508,0.665614,0.696476
title_weight,sent,0.0,0.154512,0.087268,0.778657,0.608337,0.645153
title_weight,sent,0.05,0.15822,0.088381,0.789061,0.618062,0.655325
title_weight,sent,0.1,0.158962,0.089617,0.799052,0.627202,0.665057
title_weight,sent,0.15,0.161434,0.08974,0.799773,0.634692,0.671083
title_weight,sent,0.2,0.163906,0.089864,0.802452,0.636269,0.672557
title_weight,sent,0.25,0.163659,0.089988,0.80307,0.637872,0.67344
title_weight,sent,0.5,0.161187,0.088381,0.787618,0.620468,0.656689
title_weight,sent,1.0,0.150062,0.083807,0.745385,0.570733,0.608067
title_weight,sent,2.0,0.13597,0.077379,0.689761,0.52136,0.556095
title_weight,sent,3.0,0.128307,0.073795,0.657993,0.497315,0.530244
hybrid_alpha,sent,0.0,0.16712,0.091471,0.807561,0.659786,0.690195
hybrid_alpha,sent,0.1,0.170828,0.09382,0.826555,0.682096,0.712178
hybrid_alpha,sent,0.2,0.17602,0.094314,0.832736,0.697325,0.725286
hybrid_alpha,sent,0.3,0.177998,0.094808,0.839534,0.705796,0.732763
hybrid_alpha,sent,0.4,0.178739,0.095921,0.851071,0.708893,0.737858
hybrid_alpha,sent,0.5,0.179234,0.096168,0.85478,0.704422,0.735401
hybrid_alpha,sent,0.6,0.175031,0.095674,0.852513,0.698795,0.731049
hybrid_alpha,sent,0.7,0.174289,0.095056,0.846951,0.690678,0.723565
hybrid_alpha,sent,0.8,0.170828,0.092954,0.831809,0.680855,0.712107
hybrid_alpha,sent,0.9,0.165884,0.091842,0.821302,0.668161,0.699994
hybrid_alpha,sent,1.0,0.161681,0.088999,0.799629,0.654222,0.684088
bm25_k1_b,whole,0.6/0.25,0.160939,0.089122,0.798702,0.662321,0.690753
bm25_k1_b,whole,0.6/0.5,0.162176,0.08974,0.80581,0.663744,0.693298
bm25_k1_b,whole,0.6/0.75,0.162423,0.089493,0.802719,0.660181,0.689582
bm25_k1_b,whole,0.6/1.0,0.162176,0.089864,0.806428,0.660907,0.691216
bm25_k1_b,whole,0.9/0.25,0.163659,0.090235,0.810033,0.665661,0.695523
bm25_k1_b,whole,0.9/0.5,0.164153,0.090606,0.811372,0.667074,0.69697
bm25_k1_b,whole,0.9/0.75,0.1644,0.090358,0.811372,0.6637,0.694264
bm25_k1_b,whole,0.9/1.0,0.163164,0.090606,0.813844,0.661807,0.693405
bm25_k1_b,whole,1.2/0.25,0.165637,0.090853,0.814668,0.66726,0.697704
bm25_k1_b,whole,1.2/0.5,0.164895,0.090977,0.815904,0.669658,0.699791
bm25_k1_b,whole,1.2/0.75,0.163412,0.090853,0.81508,0.665614,0.696476
bm25_k1_b,whole,1.2/1.0,0.16267,0.090606,0.813226,0.665788,0.696123
bm25_k1_b,whole,1.5/0.25,0.1644,0.090853,0.816419,0.665057,0.696229
bm25_k1_b,whole,1.5/0.5,0.164895,0.0911,0.817759,0.66784,0.698844
bm25_k1_b,whole,1.5/0.75,0.163906,0.090977,0.816934,0.667195,0.697918
bm25_k1_b,whole,1.5/1.0,0.163906,0.090977,0.816934,0.661181,0.693544
bm25_k1_b,whole,2.0/0.25,0.165884,0.090729,0.815183,0.663736,0.695576
bm25_k1_b,whole,2.0/0.5,0.165142,0.091224,0.819613,0.662458,0.695573
bm25_k1_b,whole,2.0/0.75,0.164895,0.091595,0.821467,0.660219,0.694177
bm25_k1_b,whole,2.0/1.0,0.161928,0.0911,0.816522,0.657322,0.690572
